{"cameraMode":{"drawMode":0,"name":"Shaded","section":"Shading Mode"},"sceneLighting":true,"audioPlay":false,"sceneViewState":{"showFog":false,"showMaterialUpdate":false,"showSkybox":false,"showFlares":false,"showImageEffects":false,"showParticleSystems":false},"in2DMode":false,"pivot":{"x":218.96812438964845,"y":5.747959136962891,"z":320.2230529785156},"rotation":{"x":0.09309983998537064,"y":-0.18058788776397706,"z":0.01717446744441986,"w":0.9789921045303345},"size":276.37451171875,"orthographic":false}