{"cameraMode":{"drawMode":0,"name":"Shaded","section":"Shading Mode"},"sceneLighting":true,"audioPlay":false,"sceneViewState":{"showFog":false,"showMaterialUpdate":false,"showSkybox":false,"showFlares":false,"showImageEffects":false,"showParticleSystems":false},"in2DMode":false,"pivot":{"x":1.4957765340805054,"y":0.5288718342781067,"z":-3.9863357543945314},"rotation":{"x":-0.0016177723882719875,"y":0.9940283894538879,"z":-0.10808959603309632,"w":-0.014888087287545205},"size":15.782858848571778,"orthographic":false}